ID,Name,City,Phone Number
1,Lia†Belizaire,HarbinChina,(579) 349-7938
2,Lise†Forbush,AlexandriaEgypt,(978) 531-2725
3,Homer†Nowlin,RiyadhSaudi Arabia,(372) 998-7982
4,Takako†Yule,CaloocanPhilippines,(208) 227-8616
5,Bradley†Pape,Mexico CityMexico,(321) 241-0113
6,Millie†Nimmons,SalvadorBrazil,(242) 886-7254
7,Brynn†Pitts,ManilaPhilippines,(744) 623-3467
8,Tad†Cagney,BangkokThailand,(831) 702-0118
9,Georgeanna†Lamb,KaohsiungTaiwan,(891) 300-3196
10,Mariko†Munch,DurbanSouth Africa,(804) 503-8009
11,Michale†Shryock,SaitamaJapan,(927) 855-4806
12,Arnetta†Morello,DakarSenegal,(917) 362-9897
13,Anjanette†Converse,ShenzhenChina,(719) 429-2778
14,Olivia†Mayhall,LucknowIndia,(885) 633-0131
15,Ellie†Nathan,LanzhouChina,(629) 305-4442
16,Hermila†Mullins,BasraIraq,(773) 352-6013
17,Santos†Geissler,CÛrdobaArgentina,(884) 804-2168
18,Mitzie†Lepine,Bogot·Colombia,(372) 951-5256
19,Jacquetta†Wilcox,AbujaNigeria,(558) 993-9936
20,Leeanna†Minaya,FaisalabadPakistan,(444) 735-4155
